Lisa Nandy, Labour
Albert Owen, Labour
John Healey, Labour
Mark Hendrick, Labour (Co-op)
Drew Hendry, Scottish National Party
Stephen Hepburn, Labour
 Hermon, Independent
Mike Hill, Labour
Meg Hillier, Labour (Co-op)
Margaret Hodge, Labour
Sharon Hodgson, Labour
Kate Hollern, Labour
Stephanie Peacock, Labour
Kelvin Hopkins, Labour
George Howarth, Labour
Rupa Huq, Labour
Imran Hussain, Labour
Christine Jardine, Liberal Democrat
Dan Jarvis, Labour
Diana Johnson, Labour
Darren Jones, Labour
Gerald Jones, Labour
Graham Jones, Labour
Teresa Pearce, Labour
Helen Jones, Labour
Kevan Jones, Labour
Sarah Jones, Labour
Susan Jones, Labour
Mike Kane, Labour
Barbara Keeley, Labour
Liz Kendall, Labour
Gerard Killen, Labour (Co-op)
Stephen Kinnock, Labour
Peter Kyle, Labour
Matthew Pennycook, Labour
Lesley Laird, Labour
Norman Lamb, Liberal Democrat
David Lammy, Labour
Ian Lavery, Labour
Chris Law, Scottish National Party
Karen Lee, Labour
Chris Leslie, Labour (Co-op)
Emma Lewell-Buck, Labour
Clive Lewis, Labour
Ivan Lewis, Labour
Toby Perkins, Labour
David Linden, Scottish National Party
Tony Lloyd, Labour
Rebecca Bailey, Labour
Caroline Lucas, Green Party
Ian Lucas, Labour
Holly Lynch, Labour
Justin Madders, Labour
Khalid Mahmood, Labour
Shabana Mahmood, Labour
Seema Malhotra, Labour (Co-op)
Jess Phillips, Labour
John Mann, Labour
Gordon Marsden, Labour
Sandy Martin, Labour
Rachael Maskell, Labour (Co-op)
Christian Matheson, Labour
Steve McCabe, Labour
Kerry McCarthy, Labour
Siobhain McDonagh, Labour
Andy McDonald, Labour
Stewart McDonald, Scottish National Party
Bridget Phillipson, Labour
Stuart McDonald, Scottish National Party
John McDonnell, Labour
Pat McFadden, Labour
Conor McGinn, Labour
Alison McGovern, Labour
Liz McInnes, Labour
Catherine McKinnell, Labour
Jim McMahon, Labour (Co-op)
Anna McMorrin, Labour
John McNally, Scottish National Party
Laura Pidcock, Labour
Ian Mearns, Labour
Edward Miliband, Labour
Madeleine Moon, Labour
Jessica Morden, Labour
Stephen Morgan, Labour
Grahame Morris, Labour
Ian Murray, Labour
Diane Abbott, Labour
Debbie Abrahams, Labour
Heidi Alexander, Labour
Jo Platt, Labour (Co-op)
Rushanara Ali, Labour
Rosena Allin-Khan, Labour
Mike Amesbury, Labour
Tonia Antoniazzi, Labour
Jonathan Ashworth, Labour (Co-op)
Ian Austin, Labour
Adrian Bailey, Labour (Co-op)
Kevin Barron, Labour
Margaret Beckett, Labour
Clive Betts, Labour
Luke Pollard, Labour (Co-op)
Ian Blackford, Scottish National Party
Kirsty Blackman, Scottish National Party
Paul Blomfield, Labour
Tracy Brabin, Labour (Co-op)
Ben Bradshaw, Labour
Kevin Brennan, Labour
Alan Brown, Scottish National Party
Lyn Brown, Labour
Nicholas Brown, Labour
Chris Bryant, Labour
Gavin Newlands, Scottish National Party
Stephen Pound, Labour
Karen Buck, Labour
Richard Burden, Labour
Richard Burgon, Labour
Dawn Butler, Labour
Liam Byrne, Labour
Ruth Cadbury, Labour
Lisa Cameron, Scottish National Party
Alan Campbell, Labour
Ronnie Campbell, Labour
Dan Carden, Labour
Lucy Powell, Labour (Co-op)
Alistair Carmichael, Liberal Democrat
Sarah Champion, Labour
Douglas Chapman, Scottish National Party
Jenny Chapman, Labour
Bambos Charalambous, Labour
Joanna Cherry, Scottish National Party
Ann Clwyd, Labour
Vernon Coaker, Labour
Ann Coffey, Labour
Julie Cooper, Labour
Yasmin Qureshi, Labour
Rosie Cooper, Labour
Yvette Cooper, Labour
Jeremy Corbyn, Labour
Neil Coyle, Labour
David Crausby, Labour
Mary Creagh, Labour
Stella Creasy, Labour (Co-op)
Jon Cruddas, Labour
John Cryer, Labour
Judith Cummins, Labour
Faisal Rashid, Labour
Alex Cunningham, Labour
Jim Cunningham, Labour
Nic Dakin, Labour
Wayne David, Labour
Geraint Davies, Labour (Co-op)
Martyn Day, Scottish National Party
Marsha De Cordova, Labour
Gloria De Piero, Labour
Emma Coad, Labour
Tanmanjeet Dhesi, Labour
Angela Rayner, Labour
Martin Docherty-Hughes, Scottish National Party
Anneliese Dodds, Labour (Co-op)
Stephen Doughty, Labour (Co-op)
Peter Dowd, Labour
David Drew, Labour (Co-op)
Jack Dromey, Labour
Rosie Duffield, Labour
Maria Eagle, Labour
Angela Eagle, Labour
Jonathan Edwards, Plaid Cymru
Steve Reed, Labour (Co-op)
Clive Efford, Labour
Julie Elliott, Labour
Louise Ellman, Labour (Co-op)
Chris Elmore, Labour
Bill Esterson, Labour
Chris Evans, Labour (Co-op)
Paul Farrelly, Labour
Marion Fellows, Scottish National Party
Frank Field, Labour
Jim Fitzpatrick, Labour
Christina Rees, Labour (Co-op)
Colleen Fletcher, Labour
Caroline Flint, Labour
Paul Flynn, Labour
Yvonne Fovargue, Labour
Vicky Foxcroft, Labour
James Frith, Labour
Gill Furniss, Labour
Hugh Gaffney, Labour
Mike Gapes, Labour (Co-op)
Barry Gardiner, Labour
Ellie Reeves, Labour
Ruth George, Labour
Stephen Gethins, Scottish National Party
Patricia Gibson, Scottish National Party
Preet Gill, Labour (Co-op)
Mary Glindon, Labour
Roger Godsiff, Labour
Helen Goodman, Labour
Patrick Grady, Scottish National Party
Peter Grant, Scottish National Party
Neil Gray, Scottish National Party
Rachel Reeves, Labour
Kate Green, Labour
Lilian Greenwood, Labour
Margaret Greenwood, Labour
Nia Griffith, Labour
John Grogan, Labour
Andrew Gwynne, Labour
Bim Afolami, Conservative
Adam Afriyie, Conservative
Peter Aldous, Conservative
Lucy Allan, Conservative
Jonathan Reynolds, Labour (Co-op)
Heidi Allen, Conservative
David Amess, Conservative
Stuart Andrew, Conservative
Edward Argar, Conservative
Victoria Atkins, Conservative
Richard Bacon, Conservative
Kemi Badenoch, Conservative
Steve Baker, Conservative
Harriett Baldwin, Conservative
Stephen Barclay, Conservative
Alex Norris, Labour (Co-op)
Marie Rimmer, Labour
John Baron, Conservative
Guto Bebb, Conservative
Henry Bellingham, Conservative
Richard Benyon, Conservative
Paul Beresford, Conservative
Jake Berry, Conservative
Bob Blackman, Conservative
Crispin Blunt, Conservative
Peter Bottomley, Conservative
Andrew Bowie, Conservative
Geoffrey Robinson, Labour
Ben Bradley, Conservative
Karen Bradley, Conservative
Graham Brady, Conservative
Jack Brereton, Conservative
Andrew Bridgen, Conservative
Steve Brine, Conservative
James Brokenshire, Conservative
Fiona Bruce, Conservative
Robert Buckland, Conservative
Alex Burghart, Conservative
Matt Rodda, Labour
Conor Burns, Conservative
Alistair Burt, Conservative
Alun Cairns, Conservative
Gregory Campbell, Democratic Unionist Party
James Cartlidge, Conservative
William Cash, Conservative
Maria Caulfield, Conservative
Alex Chalk, Conservative
Rehman Chishti, Conservative
Christopher Chope, Conservative
Danielle Rowley, Labour
Jo Churchill, Conservative
Colin Clark, Conservative
Greg Clark, Conservative
Simon Clarke, Conservative
James Cleverly, Conservative
Geoffrey Clifton-Brown, Conservative
Thérèse Coffey, Conservative
Damian Collins, Conservative
Alberto Costa, Conservative
Robert Courts, Conservative
Chris Ruane, Labour
Geoffrey Cox, Conservative
Stephen Crabb, Conservative
Tracey Crouch, Conservative
Chris Davies, Conservative
David Davies, Conservative
Glyn Davies, Conservative
Mims Davies, Conservative
Philip Davies, Conservative
David Davis, Conservative
Caroline Dinenage, Conservative
Lloyd Russell-Moyle, Labour (Co-op)
Jonathan Djanogly, Conservative
Leo Docherty, Conservative
Julia Dockerill, Conservative
Nigel Dodds, Democratic Unionist Party
Jeffrey Donaldson, Democratic Unionist Party
Michelle Donelan, Conservative
Nadine Dorries, Conservative
Steve Double, Conservative
Oliver Dowden, Conservative
Jackie Doyle-Price, Conservative
Joan Ryan, Labour
Richard Drax, Conservative
James Duddridge, Conservative
David Duguid, Conservative
Iain Smith, Conservative
Alan Duncan, Conservative
Philip Dunne, Conservative
Michael Ellis, Conservative
Tobias Ellwood, Conservative
Charlie Elphicke, Conservative
George Eustice, Conservative
Naz Shah, Labour
Nigel Evans, Conservative
David Evennett, Conservative
Michael Fabricant, Conservative
Michael Fallon, Conservative
Suella Fernandes, Conservative
Mark Field, Conservative
Vicky Ford, Conservative
Kevin Foster, Conservative
Liam Fox, Conservative
Mark Francois, Conservative
Virendra Sharma, Labour
Lucy Frazer, Conservative
George Freeman, Conservative
Mike Freer, Conservative
Marcus Fysh, Conservative
Roger Gale, Conservative
Mark Garnier, Conservative
David Gauke, Conservative
Nusrat Ghani, Conservative
Nick Gibb, Conservative
Cheryl Gillan, Conservative
Barry Sheerman, Labour (Co-op)
Paul Girvan, Democratic Unionist Party
John Glen, Conservative
Zac Goldsmith, Conservative
Robert Goodwill, Conservative
Michael Gove, Conservative
Luke Graham, Conservative
Richard Graham, Conservative
Bill Grant, Conservative
Helen Grant, Conservative
James Gray, Conservative
Brendan O'Hara, Scottish National Party
Tommy Sheppard, Scottish National Party
Chris Grayling, Conservative
Chris Green, Conservative
Damian Green, Conservative
Justine Greening, Conservative
Dominic Grieve, Conservative
Andrew Griffiths, Conservative
Sam Gyimah, Conservative
Kirstene Hair, Conservative
Robert Halfon, Conservative
Luke Hall, Conservative
Paula Sherriff, Labour
Philip Hammond, Conservative
Stephen Hammond, Conservative
Matt Hancock, Conservative
Greg Hands, Conservative
Mark Harper, Conservative
Richard Harrington, Conservative
Rebecca Harris, Conservative
Trudy Harrison, Conservative
Simon Hart, Conservative
John Hayes, Conservative
Gavin Shuker, Labour (Co-op)
Oliver Heald, Conservative
James Heappey, Conservative
Chris Heaton-Harris, Conservative
Peter Heaton-Jones, Conservative
Gordon Henderson, Conservative
Nick Herbert, Conservative
Damian Hinds, Conservative
Simon Hoare, Conservative
George Hollingbery, Conservative
Kevin Hollinrake, Conservative
Tulip Siddiq, Labour
Philip Hollobone, Conservative
Adam Holloway, Conservative
John Howell, Conservative
Nigel Huddleston, Conservative
Eddie Hughes, Conservative
Jeremy Hunt, Conservative
Nick Hurd, Conservative
Alister Jack, Conservative
Margot James, Conservative
Sajid Javid, Conservative
Dennis Skinner, Labour
Ranil Jayawardena, Conservative
Bernard Jenkin, Conservative
Andrea Jenkyns, Conservative
Robert Jenrick, Conservative
Caroline Johnson, Conservative
Gareth Johnson, Conservative
Joseph Johnson, Conservative
Andrew Jones, Conservative
David Jones, Conservative
Marcus Jones, Conservative
Andy Slaughter, Labour
Daniel Kawczynski, Conservative
Gillian Keegan, Conservative
Seema Kennedy, Conservative
Stephen Kerr, Conservative
Greg Knight, Conservative
Kwasi Kwarteng, Conservative
John Lamont, Conservative
Mark Lancaster, Conservative
Pauline Latham, Conservative
Andrea Leadsom, Conservative
Ruth Smeeth, Labour
Phillip Lee, Conservative
Jeremy Lefroy, Conservative
Edward Leigh, Conservative
Oliver Letwin, Conservative
Andrew Lewer, Conservative
Brandon Lewis, Conservative
Julian Lewis, Conservative
Ian Liddell-Grainger, Conservative
David Lidington, Conservative
Emma Pengelly, Democratic Unionist Party
Angela Smith, Labour
Jack Lopresti, Conservative
Jonathan Lord, Conservative
Tim Loughton, Conservative
Craig Mackinlay, Conservative
Rachel Maclean, Conservative
Anne Main, Conservative
Alan Mak, Conservative
Kit Malthouse, Conservative
Scott Mann, Conservative
Paul Masterton, Conservative
Cat Smith, Labour
Paul Maynard, Conservative
Patrick McLoughlin, Conservative
Stephen McPartland, Conservative
Esther McVey, Conservative
Mark Menzies, Conservative
Johnny Mercer, Conservative
Huw Merriman, Conservative
Stephen Metcalfe, Conservative
Maria Miller, Conservative
Amanda Milling, Conservative
Eleanor Smith, Labour
Nigel Mills, Conservative
Anne Milton, Conservative
Andrew Mitchell, Conservative
Damien Moore, Conservative
Penny Mordaunt, Conservative
Nicky Morgan, Conservative
Anne Morris, Independent
David Morris, Conservative
James Morris, Conservative
Wendy Morton, Conservative
Jared O'Mara, Labour
Laura Smith, Labour
David Mundell, Conservative
Sheryll Murray, Conservative
Andrew Murrison, Conservative
Robert Neill, Conservative
Sarah Newton, Conservative
Caroline Nokes, Conservative
Jesse Norman, Conservative
Neil O'Brien, Conservative
Matthew Offord, Conservative
Guy Opperman, Conservative
Nick Smith, Labour
Neil Parish, Conservative
Priti Patel, Conservative
Owen Paterson, Conservative
Mark Pawsey, Conservative
Mike Penning, Conservative
John Penrose, Conservative
Andrew Percy, Conservative
Claire Perry, Conservative
Chris Philp, Conservative
Christopher Pincher, Conservative
Owen Smith, Labour
Dan Poulter, Conservative
Rebecca Pow, Conservative
Victoria Prentis, Conservative
Mark Prisk, Conservative
Mark Pritchard, Conservative
Tom Pursglove, Conservative
Jeremy Quin, Conservative
Will Quince, Conservative
Dominic Raab, Conservative
John Redwood, Conservative
Karin Smyth, Labour
Jacob Rees-Mogg, Conservative
Laurence Robertson, Conservative
Gavin Robinson, Democratic Unionist Party
Mary Robinson, Conservative
Douglas Ross, Conservative
Lee Rowley, Conservative
Amber Rudd, Conservative
Antoinette Sandbach, Conservative
Paul Scully, Conservative
Bob Seely, Conservative
Gareth Snell, Labour (Co-op)
Andrew Selous, Conservative
Jim Shannon, Democratic Unionist Party
Grant Shapps, Conservative
Alok Sharma, Conservative
Alec Shelbrooke, Conservative
David Simpson, Democratic Unionist Party
Keith Simpson, Conservative
Chris Skidmore, Conservative
Chloe Smith, Conservative
Henry Smith, Conservative
Alex Sobel, Labour (Co-op)
Julian Smith, Conservative
Royston Smith, Conservative
Nicholas Soames, Conservative
Anna Soubry, Conservative
Caroline Spelman, Conservative
Mark Spencer, Conservative
Andrew Stephenson, Conservative
John Stevenson, Conservative
Bob Stewart, Conservative
Iain Stewart, Conservative
John Spellar, Labour
Rory Stewart, Conservative
Gary Streeter, Conservative
Mel Stride, Conservative
Graham Stuart, Conservative
Julian Sturdy, Conservative
Rishi Sunak, Conservative
Desmond Swayne, Conservative
Hugo Swire, Conservative
Robert Syms, Conservative
Derek Thomas, Conservative
Keir Starmer, Labour
Ross Thomson, Conservative
Maggie Throup, Conservative
Kelly Tolhurst, Conservative
Justin Tomlinson, Conservative
Michael Tomlinson, Conservative
Craig Tracey, Conservative
David Tredinnick, Conservative
Anne-Marie Trevelyan, Conservative
Elizabeth Truss, Conservative
Tom Tugendhat, Conservative
Chris Stephens, Scottish National Party
Edward Vaizey, Conservative
Shailesh Vara, Conservative
Martin Vickers, Conservative
Theresa Villiers, Conservative
Charles Walker, Conservative
Robin Walker, Conservative
Ben Wallace, Conservative
David Warburton, Conservative
Matt Warman, Conservative
Helen Whately, Conservative
Jo Stevens, Labour
Heather Wheeler, Conservative
Craig Whittaker, Conservative
John Whittingdale, Conservative
Bill Wiggin, Conservative
Gavin Williamson, Conservative
Sammy Wilson, Democratic Unionist Party
Sarah Wollaston, Conservative
Mike Wood, Conservative
William Wragg, Conservative
Jeremy Wright, Conservative
Fiona Onasanya, Labour
Graham Stringer, Labour
Nadhim Zahawi, Conservative
Paul Sweeney, Labour (Co-op)
Jo Swinson, Liberal Democrat
Mark Tami, Labour
Alison Thewliss, Scottish National Party
Gareth Thomas, Labour (Co-op)
Nick Thomas-Symonds, Labour
Emily Thornberry, Labour
Stephen Timms, Labour
Jon Trickett, Labour
Melanie Onn, Labour
Anna Turley, Labour (Co-op)
Karl Turner, Labour
Derek Twigg, Labour
Stephen Twigg, Labour (Co-op)
Liz Twist, Labour
Chuka Umunna, Labour
Keith Vaz, Labour
Valerie Vaz, Labour
Thelma Walker, Labour
Tom Watson, Labour
Chi Onwurah, Labour
Catherine West, Labour
Matt Western, Labour
Alan Whitehead, Labour
Martin Whitfield, Labour
Philippa Whitford, Scottish National Party
Paul Williams, Labour
Chris Williamson, Labour
Phil Wilson, Labour
Pete Wishart, Scottish National Party
John Woodcock, Labour (Co-op)
Kate Osamor, Labour (Co-op)
Mohammad Yasin, Labour
Daniel Zeichner, Labour
Louise Haigh, Labour
Fabian Hamilton, Labour
David Hanson, Labour
Emma Hardy, Labour
Harriet Harman, Labour
Carolyn Harris, Labour
Helen Hayes, Labour
Sue Hayman, Labour
Afzal Khan, Labour
Wes Streeting, Labour
Ian Paisley, Democratic Unionist Party
Tom Brake, Liberal Democrat
Deidre Brock, Scottish National Party
Vince Cable, Liberal Democrat
Ronnie Cowan, Scottish National Party
Edward Davey, Liberal Democrat
Thangam Debbonaire, Labour
Wera Hobhouse, Liberal Democrat
Tim Farron, Liberal Democrat
Stewart Hosie, Scottish National Party
Jeff Smith, Labour
Jamie Stone, Liberal Democrat
Hywel Williams, Plaid Cymru
Nigel Adams, Conservative
Peter Bone, Conservative
Ben Lake, Plaid Cymru
Boris Johnson, Conservative
Julian Knight, Conservative
Theresa May, Conservative
Stephen Lloyd, Liberal Democrat
Andrew Rosindell, Conservative
David Rutley, Conservative
Giles Watling, Conservative
Carol Monaghan, Scottish National Party
Layla Moran, Liberal Democrat
Hannah Bardell, Scottish National Party
Hilary Benn, Labour
Roberta Blackman-Woods, Labour
Emma Reynolds, Labour
Luciana Berger, Labour (Co-op)
Liz Roberts, Plaid Cymru
Mhairi Black, Scottish National Party
Kate Hoey, Labour
Angus MacNeil, Scottish National Party
Nick Boles, Conservative
Kenneth Clarke, Conservative
Angela Crawley, Scottish National Party
Simon Danczuk, Independent
Byron Davies, Conservative
James Davies, Conservative
David Anderson, Labour
Jim Dowd, Labour
Flick Drummond, Conservative
Michael Dugher, Labour
Caroline Ansell, Conservative
Tom Elliott, Ulster Unionist Party
Jane Ellison, Conservative
Graham Evans, Conservative
Robert Flello, Labour
Richard Fuller, Conservative
Edward Garnier, Conservative
Ben Gummer, Conservative
Alan Haselhurst, Conservative
Kris Hopkins, Conservative
Gerald Howarth, Conservative
Ben Howlett, Conservative
Stewart Jackson, Conservative
Gavin Barwell, Conservative
Danny Kinahan, Ulster Unionist Party
Simon Kirby, Conservative
Charlotte Leslie, Conservative
Peter Lilley, Conservative
David Mackintosh, Conservative
Tania Mathias, Conservative
Jason McCartney, Conservative
Karl McCartney, Conservative
Alan Meale, Labour
James Berry, Conservative
David Mowat, Conservative
Greg Mulholland, Liberal Democrat
Andrew Bingham, Conservative
David Nuttall, Conservative
Sarah Olney, Liberal Democrat
George Osborne, Conservative
Nicola Blackwood, Conservative
Eric Pickles, Conservative
Tom Blenkinsop, Labour
John Pugh, Liberal Democrat
Steve Rotheram, Labour
Andrew Smith, Labour
Victoria Borwick, Conservative
Amanda Solloway, Conservative
Gisela Stuart, Labour
Edward Timpson, Conservative
Andrew Turner, Conservative
Andrew Tyrie, Conservative
Angela Watkinson, Conservative
Julian Brazier, Conservative
James Wharton, Conservative
Chris White, Conservative
Craig Williams, Conservative
Mark Williams, Liberal Democrat
Rob Wilson, Conservative
Rosie Winterton, Labour
Iain Wright, Labour
Fiona Mactaggart, Labour
Alasdair McDonnell, Social Democratic & Labour Party
Natalie McGarry, Independent
Michelle Thomson, Independent
Andy Burnham, Labour
Simon Burns, Conservative
David Burrowes, Conservative
Neil Carmichael, Conservative
Oliver Colvile, Conservative
Graham Allen, Labour
Mark Durkan, Social Democratic & Labour Party
Margaret Ritchie, Social Democratic & Labour Party
David Winnick, Labour
Kirsten Oswald, Scottish National Party
Steven Paterson, Scottish National Party
Owen Thompson, Scottish National Party
Mike Weir, Scottish National Party
George Kerevan, Scottish National Party
Rob Marris, Labour
Anne McLaughlin, Scottish National Party
Roger Mullin, Scottish National Party
Philip Boswell, Scottish National Party
Tasmina Ahmed-Sheikh, Scottish National Party
Stuart Donaldson, Scottish National Party
Calum Kerr, Scottish National Party
Margaret Ferrier, Scottish National Party
Callum McCaig, Scottish National Party
Paul Monaghan, Scottish National Party
John Nicolson, Scottish National Party
Angus Robertson, Scottish National Party
Eilidh Whiteford, Scottish National Party
Pat Glass, Labour
Alan Johnson, Labour
Alex Salmond, Scottish National Party
Corri Wilson, Scottish National Party
John Nally, Scottish National Party
Richard Arkless, Scottish National Party
Nick Clegg, Liberal Democrat
Karen Lumley, Conservative
Douglas Carswell, UK Independence Party
Jamie Reed, Labour
Tristram Hunt, Labour
 Poulter, Conservative
Stephen Phillips, Conservative
David Cameron, Conservative
Matthew Hancock, Conservative
Jo Cox, Labour
Gerald Kaufman, Labour
Sadiq Khan, Labour
Huw Irranca-Davies, Labour
John Thurso, Liberal Democrat
John Lancaster, Conservative
Alexander Beresford, Conservative
Gregory Barker, Conservative
James Arbuthnot, Conservative
Daniel Byles, Conservative
George Young, Conservative
Brian Binley, Conservative
Robert Wilson, Conservative
William Hague, Conservative
Nicolas Gibb, Conservative
Mark Simmonds, Conservative
Andrew Lansley, Conservative
Lorraine Fullbrook, Conservative
Timothy Yeo, Conservative
Brooks Newmark, Conservative
Chris Pincher, Conservative
Charles Cox, Conservative
Mary MacLeod, Conservative
David Clark, Conservative
Alexander Randall, Conservative
Charles Hendry, Conservative
Paul Uppal, Conservative
Nicholas Herbert, Conservative
Robert Wallace, Conservative
Pamela Nash, Labour
Michael Weir, Scottish National
Thomas Clarke, Labour
Russell Brown, Labour
James McGovern, Labour
Thomas Docherty, Labour
Michael McCann, Labour
Fiona O'Donnell, Labour
James Murphy, Labour
Marek Lazarowicz, Labour
Eric Joyce, Independent
Anas Sarwar, Labour
Margaret Curran, Labour
Ann McKechin, Labour
Willie Bain, Labour
John Robertson, Labour
Thomas Harris, Labour
Ian Davidson, Labour
Malcolm Bruce, Liberal Democrat
James Brown, Labour
Michael Connarty, Labour
Graeme Morrice, Labour
Kathryn Clark, Labour
Gordon Banks, Labour
James Sheridan, Labour
Douglas Alexander, Labour
Peter Wishart, Scottish National
Tom Greatrex, Labour
Anne McGuire, Labour
Gemma Doyle, Labour
David Francis, Labour
Richard Shepherd, Conservative
Micael Dugher, Labour
Stephen McCabe, Labour
John Straw, Labour
Julie Hilling, Labour
Joseph Benton, Labour
Gerard Sutcliffe, Labour
Stephen Williams, Liberal Democrat
Martin Horwood, Liberal Democrat
Duncan Hames, Liberal Democrat
Aidan Burley, Conservative
Robert Russell, Liberal Democrat
Jamieson Reed, Labour
Andy Sawford, Labour
Jonathan Cruddas, Labour
Rosalie Winterton, Labour
Tessa Jowell, Labour
Elfyn Llwyd, Plaid Cymru
Andrew Miller, Labour
Jonathan Evans, Conservative
Benjamin Bradshaw, Labour
Austin Mitchell, Labour
Wyvill Raynsford, Labour
Margaret Hillier, Labour
John Twigg, Labour
Andrew Slaughter, Labour
Glenda Jackson, Labour
Thomas Brake, Liberal Democrat
Michael Gapes, Labour
Andrew Burnham, Labour
James Dowd, Labour
Joan Ruddock, Labour
David Havard, Labour
Andrew McDonald, Labour
Daniel Poulter, Conservative
Edward Balls, Labour
Peter Hain, Labour
Chinyelu Onwurah, Labour
Christopher Farrelly, Labour
Daniel Rogerson, Liberal Democrat
Simon Wright, Liberal Democrat
Christopher Leslie, Labour
Gregory Hands, Conservative
Ifor Irranca-Davies, Labour
James Fitzpatrick, Labour
Christopher Bryant, Labour
Nick Dakin, Labour
George Smith, Conservative
Philip Wilson, Labour
Margaret Munn, Labour
Lorely Burt, Liberal Democrat
David Heath, Liberal Democrat
John Denham, Labour
Shaun Woodward, Labour
Joan Walley, Labour
Anthony Baldry, Conservative
Stephen Mosley, Conservative
Paul Murphy, Labour
Christopher Ruane, Labour
Thomas Watson, Labour
Patrick McFadden, Labour
Hugh Bayley, Labour
Frank Doran, Labour
Margaret Begg, Labour
Alan Reid, Liberal Democrat
Sandra Osborne, Labour
Michael Moore, Liberal Democrat
Brian Donohoe, Labour
Gregg McClymont, Labour
Sheila Gilmore, Labour
Alistair Darling, Labour
Mike Crockart, Liberal Democrat
Lindsay Roy, Labour
Anthony Timpson, Conservative
Iain McKenzie, Labour
Daniel Alexander, Liberal Democrat
Cathy Jamieson, Labour
James Hood, Labour
Frank Roy, Labour
Walter Campbell, Liberal Democrat
Charles Kennedy, Liberal Democrat
Robert Smith, Liberal Democrat
James Howarth, Conservative
David Heyes, Labour
Michael Wood, Labour
Richard Ottaway, Conservative
Naomi Long, Alliance
Paul Maskey, Sinn Féin
Simon Hughes, Liberal Democrat
Alan Beith, Liberal Democrat
John Hemming, Liberal Democrat
Ronald Campbell, Labour
David Ward, Liberal Democrat
George Galloway, Respect
Roger Williams, Liberal Democrat
Sarah Teather, Liberal Democrat
Dawn Primarolo, Second Deputy Chairman of Ways and Means
John Bercow, Speaker of the House of Commons
Gordon Birtwistle, Liberal Democrat
David Ruffley, Conservative
Julian Huppert, Liberal Democrat
Jennifer Willott, Liberal Democrat
Stephen Dorrell, Conservative
Mark Hunter, Liberal Democrat
Lindsay Hoyle, Chairman of Ways and Means
Robert Ainsworth, Labour
Simon Reevell, Conservative
James Cunningham, Labour
Chris Kelly, Conservative
Angie Bray, Conservative
Michael Thornton, Liberal Democrat
Andrew Love, Labour
Nick de Bois, Conservative
Eleanor Laing, Conservative
Christopher Grayling, Conservative
Jessica Lee, Conservative
Michelle Gildernew, Sinn Féin
John Durkan, Social Democratic & Labour Party
Martin Caton, Labour
Linda Riordan, Labour
Robert Stunell, Liberal Democrat
William Clappison, Conservative
Frank Dobson, Labour
Lynne Featherstone, Liberal Democrat
Malcolm Rifkind, Conservative
George Mudie, Labour
Gregory Mulholland, Liberal Democrat
Vaz , Labour
Elizabeth Kendall, Labour
Norman Baker, Liberal Democrat
Peter Tapsell, Conservative
Timothy Loughton, Conservative
John Leech, Liberal Democrat
Joseph Meale, Labour
Annette Brooke, Liberal Democrat
Arthur Soames, Conservative
Francie Molloy, Sinn Féin
Gregory Knight, Conservative
Conor Murphy, Sinn Féin
Ian Junior, Democratic Unionist
Nicholas Harvey, Liberal Democrat
Robert Walter, Conservative
Sylvia Hermon, Independent
Natascha Engel, Labour
William Wiggin, Conservative
Stephen O'Brien, Conservative
Michael Meacher, Labour
Alison Seabeck, Labour
Michael Hancock, Liberal Democrat
Ian Swales, Liberal Democrat
Nicholas Hurd, Conservative
Mark Hoban, Conservative
Hazel Blears, Labour
David Blunkett, Labour
Nicholas Clegg, Liberal Democrat
Robert McCrea, Democratic Unionist
James Paice, Conservative
Andrew Robathan, Conservative
Laura Sandys, Conservative
Donald Foster, Liberal Democrat
Hugh Robertson, Conservative
Stephen Gilbert, Liberal Democrat
David Watts, Labour
Andrew George, Liberal Democrat
Margaret Coffey, Labour
Paul Burstow, Liberal Democrat
Siân James, Labour
Jeremy Browne, Liberal Democrat
David Wright, Labour
Anne McIntosh, Conservative
Steven Webb, Liberal Democrat
John Stanley, Conservative
Adrian Sanders, Liberal Democrat
John Cable, Liberal Democrat
Catharine Hoey, Labour
Tessa Munt, Liberal Democrat
Rosemary Cooper, Labour
Pat Doherty, Sinn Féin
Timothy Farron, Liberal Democrat
Thomas Cunningham, Labour
David Laws, Liberal Democrat
David Willetts, Conservative
Michael Penning, Conservative
Francis Maude, Conservative
Mike Weatherley, Conservative
Lee Scott, Conservative
Benedict Gummer, Conservative
Eric Ollerenshaw, Conservative
Peter Luff, Conservative
John Carswell, UK Independence Party
Therese Coffey, Conservative
David Hamilton, Labour
Mark Reckless, Conservative
James Dobbin, Labour
Patrick Mercer, Conservative
Paul Goggins, Labour
David Miliband, Labour
Christopher Huhne, Liberal Democrat
James McGuinness, Sinn Féin
Alun Michael, Labour
Malcolm Wicks, Labour
Anthony Lloyd, Labour
Stuart Bell, Labour
Denis MacShane, Independent
Louise Bagshawe, Conservative
Marsha Singh, Labour
David Keen, Labour
Peter Soulsby, Labour
John Cairns, Labour
Eric Illsley, Independent
Gerard Adams, Sinn Féin
Phillip Woolas, Labour
Jane Winterton, Conservative
Michael Clapham, Labour
Constance Cryer, Labour
Edward O'Hara, Labour
Bridget Prentice, Labour
Harry Cohen, Labour
Gillian Merron, Labour
Peter Kilfoyle, Labour
Nicholas Winterton, Conservative
Ian McCartney, Labour
James Cousins, Labour
Michael O'Brien, Labour
Alan Simpson, Labour
William Olner, Labour
Derek Conway, Independent Conservative
John Horam, Conservative
Evan Harris, Liberal Democrat
Kim Howells, Labour
Sarah McCarthy-Fry, Labour
Paul Truswell, Labour
Martin Salter, Labour
Vera Baird, Labour
Siôn Simon, Labour
Thomas McAvoy, Labour
Richard Caborn, Labour
Derek Wyatt, Labour
David Curry, Conservative
Mark Todd, Labour
Colin Breed, Liberal Democrat
Patrick Cormack, Conservative
David Kidney, Labour
Lynne Jones, Labour
James Purnell, Labour
Daphne Follett, Labour
Lynda Waltho, Labour
Beverley Hughes, Labour
William Etherington, Labour
Christopher Mullin, Labour
Alan Williams, Labour
Andrew Mackinlay, Labour
Bruce George, Labour
Neil Gerrard, Labour
Dan Norris, Labour
Helen Southworth, Labour
Michael Hall, Labour
James Chapman, Labour
Stephen Hesford, Labour
Kenneth Purchase, Labour
Richard Taylor, Independent
Jovanka Humble, Labour
John Reid, Labour
Clare Mallaber, Labour
Alexander Salmond, Scottish National
Jeffrey Ennis, Labour
John Hutton, Labour
John Linton, Labour
Jacqueline Lait, Conservative
Patrick Hall, Labour
Peter Robinson, Democratic Unionist
Clare Short, Independent Labour
John Butterfill, Conservative
Andrew Mackay, Conservative
Terence Rooney, Labour
Brian Iddon, Labour
Ann Keen, Labour
Ian Cawsey, Labour
Desmond Turner, Labour
Ruth Kelly, Labour
Julie Kirkbride, Conservative
Nicholas Palmer, Labour
Katharine Ussher, Labour
David Chaytor, Labour
Julie Morgan, Labour
Eric Martlew, Labour
Adam Price, Plaid Cymru
Nicholas Ainger, Labour
Robert Spink, Independent
Michael Lord, Second Deputy Chairman of Ways and Means
Jonathan Shaw, Labour
Paul Holmes, Liberal Democrat
Christine Russell, Labour
Shona McIsaac, Labour
Philip Hope, Labour
Claire Curtis-Thomas, Labour
Rosemary McKenna, Labour
Timothy Boswell, Conservative
David Lepper, Labour
Michael Ancram, Conservative
Shahid Malik, Labour
Gwynfor Prosser, Labour
William Rennie, Liberal Democrat
John Cummings, Labour
Michael Mates, Conservative
Adam Ingram, Labour
John Naysmith, Labour
Anne Moffat, Labour
Peter Ainsworth, Conservative
Nigel Waterson, Conservative
Ian Stewart, Labour
Gavin Strang, Labour
Colin Burgon, Labour
Elizabeth Blackman, Labour
Julia Goldsworthy, Liberal Democrat
Rudolf Vis, Labour
John Jack, Conservative
Paul Clark, Labour
Mohammad Sarwar, Labour
John Mason, Scottish National
Janet Dean, Labour
Parmjit Dhanda, Labour
Peter Viggers, Conservative
John Davies, Labour
Anthony Wright, Labour
Sylvia Heal, First Deputy Chairman of Ways and Means
William Rammell, Labour
Anthony McNulty, Labour
Michael Foster, Labour
Christine McCafferty, Labour
Andrew Dismore, Labour
David Howarth, Liberal Democrat
Celia Barlow, Labour
John Prescott, Labour
Roger Berry, Labour
John Battle, Labour
Patricia Hewitt, Labour
Jane Kennedy, Labour
Robert Wareing, Independent
Martyn Jones, Labour
James Devine, Labour
Andrew Reed, Labour
Margaret Moran, Labour
Ann Widdecombe, Conservative
Robert Marshall-Andrews, Labour
Kali Mountford, Labour
Phyllis Starkey, Labour
Lembit Öpik, Liberal Democrat
Geraldine Smith, Labour
Colin Challen, Labour
Betty Williams, Labour
Douglas Henderson, Labour
Laura Moffatt, Labour
Malcolm Moss, Conservative
Andrew Pelling, Independent
Stephen Byers, Labour
Hilary Armstrong, Labour
Sally Keeble, Labour
Charles Clarke, Labour
John Heppell, Labour
Gordon Prentice, Labour
David Maclean, Conservative
Linda Gilroy, Labour
Jacqueline Smith, Labour
Susan Kramer, Liberal Democrat
Paul Rowen, Liberal Democrat
Sandra Gidley, Liberal Democrat
Janet Anderson, Labour
Alan Milburn, Labour
John Greenway, Conservative
Simon Key, Conservative
Elliot Morley, Labour
Howard Stoate, Labour
Simon Tipping, Labour
Douglas Hogg, Conservative
James Knight, Labour
Edward McGrady, Social Democratic & Labour Party
David Borrow, Labour
Anne Snelgrove, Labour
Stephen Ladyman, Labour
Robert Laxton, Labour
Christopher Fraser, Conservative
David Wilshire, Conservative
Charlotte Atkins, Labour
Ian Pearson, Labour
Francis Cook, Labour
Daria Taylor, Labour
Mark Fisher, Labour
John Maples, Conservative
Trevor Hill, Labour
John Gummer, Conservative
Brian Jenkins, Labour
Richard Younger-Ross, Liberal Democrat
Angela Browning, Conservative
Anthony Steen, Conservative
Matthew Taylor, Liberal Democrat
David Clelland, Labour
John Smith, Labour
Denis Murphy, Labour
James Plaskitt, Labour
Nigel Griffiths, Labour
Claire Ward, Labour
Robert Blizzard, Labour
David Heathcoat-Amory, Conservative
John McFall, Labour
Richard Spring, Conservative
John Barrett, Liberal Democrat
William Spicer, Conservative
Neil Turner, Labour
Mark Oaten, Liberal Democrat
Humfrey Malins, Conservative
Robert Marris, Labour
Paul Goodman, Conservative
John Austin, Labour
Ian Taylor, Conservative
Geoffrey Hoon, Labour
Michael Howard, Conservative
George Willis, Liberal Democrat
Paul Keetch, Liberal Democrat
Peter Atkinson, Conservative
Tom Levitt, Labour
Fraser Kemp, Labour
Gregory Pope, Labour
Christopher Mole, Labour
James Touhig, Labour
Ashok Kumar, Labour
Iris Robinson, Democratic Unionist
David Taylor, Labour
Michael Martin, Independent
Ian Gibson, Labour
John MacDougall, Labour
David Marshall, Labour
Alexander Johnson, Conservative
Gwyneth Dunwoody, Labour
Anthony Blair, Labour
Piara Khabra, Labour
Eric Forth, Conservative
Desmond Browne, Labour
Peter Law, Independent
Rachel Squire, Labour
Robert Cook, Labour
Ivor Caplin, Labour
Linda Perham, Labour
Christopher Smith, Labour
Lewis Moonie, Labour
Thomas Dawson, Labour
Thomas Loch, Labour
Keith Bradley, Labour
Huw Edwards, Labour
Christopher Beard, Labour
Alan Howarth, Labour
William O'Brien, Labour
Harold Barnes, Labour
Martin O'Neill, Labour
Katherine Adams, Labour
Helen Clark, Labour
Sydney Rapson, Labour
Jane Griffiths, Labour
Donald Anderson, Labour
Peter Bradley, Labour
Robert Jackson, Labour
Colin Pickthall, Labour
William Smyth, Ulster Unionist Party
Sydney Chapman, Conservative
Derek Foster, Labour
John McWilliam, Labour
Jonathan Sayeed, Independent Conservative
Paul Tyler, Liberal Democrat
Brian Mawhinney, Conservative
Edward Taylor, Conservative
Virginia Bottomley, Conservative
John Burnett, Liberal Democrat
Malcolm Savidge, Labour
Archibald Norman, Conservative
William Trimble, Ulster Unionist Party
Michael Trend, Conservative
Helen Liddell, Labour
Howard Flight, Independent Conservative
Winston Griffiths, Labour
Andrew Hunter, Democratic Unionist
Oona King, Labour
James Cran, Conservative
Estelle Morris, Labour
Llewellyn Smith, Labour
Peter Pike, Labour
David Atkinson, Conservative
Alan Hurst, Labour
Paul Boateng, Labour
Jean Corston, Labour
Valerie Davey, Labour
Marion Roe, Conservative
Anne Campbell, Labour
Jonathan Jones, Labour
Simon Thomas, Plaid Cymru
Patricia Calton, Liberal Democrat
Nigel Jones, Liberal Democrat
Gerald Steinberg, Labour
William Worthington, Labour
George Foulkes, Labour
John Cunningham, Labour
Brian Wilson, Labour
Kevin Hughes, Labour
Iain Luke, Labour
John Beggs, Ulster Unionist Party
David Chidgey, Liberal Democrat
Lynda Clark, Labour
Candice Atherton, Labour
Diana Organ, Labour
John Hume, Social Democratic & Labour Party
Peter Duncan, Conservative
James Wray, Labour
Susan Doughty, Liberal Democrat
Brian Sedgemore, Labour
Alice Mahon, Labour
Iain Coleman, Labour
Ivan Henderson, Labour
Joseph McWalter, Labour
Barbara Roche, Labour
David Stewart, Labour
Michael Portillo, Conservative
Philip Sawford, Labour
Joseph McNamara, Labour
Harold Best, Labour
Parmjit Gill, Liberal Democrat
Matthew Green, Liberal Democrat
David Rendel, Liberal Democrat
Seamus Mallon, Social Democratic & Labour Party
Brian White, Labour
Anthony Clarke, Labour
Annabelle Ewing, Scottish National
David Jamieson, Labour
Jacqueline Lawrence, Labour
Anthony Colman, Labour
Andrew Bennett, Labour
Jennifer Tonge, Liberal Democrat
Lorna Fitzsimons, Labour
Archibald Kirkwood, Liberal Democrat
Andrew King, Labour
John Wilkinson, Conservative
Lawrence Quinn, Labour
Winifred Taylor, Labour
Helen Jackson, Labour
Paul Marsden, Independent
John Taylor, Conservative
David Burnside, Ulster Unionist Party
Julia Drown, Labour
Ross Cranston, Labour
Richard Page, Conservative
Gillian Shephard, Conservative
Kerry Pollard, Labour
George Stevenson, Labour
Debra Shipley, Labour
John Lyons, Labour
Nicholas Hawkins, Conservative
Adrian Flook, Conservative
Ernest Ross, Labour
Thomas Cox, Labour
David Hinchliffe, Labour
Paul Stinchcombe, Labour
Clive Soley, Labour
Melanie Johnson, Labour
Anthony Banks, Labour
Calum Domhnallach, Labour
Timothy Collins, Conservative
Brian Cotter, Liberal Democrat
Roger Casale, Labour
Dennis Turner, Labour
Terence Lewis, Labour
Joyce Quin, Labour
Christopher Pond, Labour
William Tynan, Labour
Peter Mandelson, Labour
Terence Davis, Labour
James Marshall, Labour
Paul Daisley, Labour
Raymond Powell, Labour
James Cann, Labour
